skillId,name,element,selector,effects,cd,rageGain,learnLv,isUlt
int,string,int,string,array<effect>,int,int,int,bool
c,c,c,c,c,c,c,c,c
主键,技能名称,属性0为无,目标选择器self/ally_all/ally_lowest/enemy_one/enemy_all/enemy_random/enemy_lowest,效果列表格式TYPE|power|buffId|duration|chance|hitCount|onSelf,冷却回合,怒气获取,习得等级,是否绝技
1,撕咬,0,enemy_one,PhysDamage|1.0|0|0|1|1|0,0,30,1,false
2,岩壁冲撞,0,enemy_one,PhysDamage|1.5|0|0|1|1|0;Taunt|1|0|0|1|0|0,2,0,1,false
3,碎石践踏,0,enemy_one,PhysDamage|1.3|0|0|1|2|0,3,0,25,false
4,獒镇八方,0,enemy_one,PhysDamage|2.4|0|0|1|1|0;Shield|1.5|0|0|1|0|1,0,0,40,true
5,花瓣弹,2,enemy_one,MagDamage|1.0|0|0|1|1|0,0,30,1,false
6,桃夭·绽,0,ally_lowest,Heal|1.6|0|0|1|0|0,3,0,1,false
7,落英缚,2,enemy_one,MagDamage|0.8|0|0|1|1|0;ApplyBuff|0|9|2|1|0|0,3,0,25,false
8,九瓣回春,2,ally_all,Heal|1.4|0|0|1|0|0;ApplyBuff|0|17|3|1|0|0,0,0,40,true
9,鞭击,0,enemy_one,PhysDamage|1.0|0|0|1|1|0,0,30,1,false
10,缠绕,2,enemy_one,MagDamage|0.9|0|0|1|1|0;ApplyBuff|0|7|3|0.9|0|0,3,0,1,false
11,藤甲,0,self,Shield|1.3|0|0|1|0|1,3,0,25,false
12,老藤囚笼,2,enemy_all,MagDamage|1.2|0|0|1|1|0;ApplyBuff|0|7|3|0.5|0|0,0,0,40,true
13,啄击,0,enemy_one,PhysDamage|1.0|0|0|1|1|0,0,30,1,false
14,惊雀鸣,0,enemy_one,ApplyBuff|0|8|2|1|0|0,2,0,1,false
15,羽刃风暴,2,enemy_all,MagDamage|1.2|0|0|1|1|0,3,0,25,false
16,千羽穿云,2,enemy_one,MagDamage|2.0|0|0|1|1|0;ApplyBuff|0|16|2|1|0|1,0,0,40,true
17,火弹,4,enemy_one,MagDamage|1.0|0|0|1|1|0,0,30,1,false
18,焰羽,4,enemy_one,MagDamage|1.6|0|0|1|1|0;ApplyBuff|0|2|3|1|0|0,2,0,1,false
19,灼印,4,enemy_one,ApplyBuff|0|11|3|1|0|0,3,0,25,false
20,凤羽燎原,4,enemy_one,MagDamage|2.6|0|0|1|1|0;ApplyBuff|0|2|3|1|0|0,0,0,40,true
21,角撞,0,enemy_one,PhysDamage|1.0|0|0|1|1|0,0,30,1,false
22,熔岩突进,0,enemy_one,PhysDamage|1.75|0|0|1|1|0,2,0,1,false
23,裂地践,0,enemy_all,PhysDamage|1.2|0|0|1|1|0;ApplyBuff|0|8|2|0.8|0|0,3,0,30,false
24,火岩崩山,4,enemy_one,PhysDamage|2.8|0|0|1|1|0;ApplyBuff|0|2|3|1|0|0,0,0,45,true
25,电爪,1,enemy_one,PhysDamage|1.0|0|0|1|1|0,0,30,1,false
26,雷驰,1,enemy_one,PhysDamage|1.4|0|0|1|1|0;ApplyBuff|0|16|2|1|0|1,2,0,1,false
27,麻痹咬,1,enemy_one,PhysDamage|1.0|0|0|1|1|0;ApplyBuff|0|5|2|0.8|0|0,3,0,25,false
28,紫电穿林,1,enemy_one,PhysDamage|2.3|0|0|1|2|0,0,0,40,true
29,狼爪,1,enemy_one,PhysDamage|1.0|0|0|1|1|0,0,30,1,false
30,掣雷撕咬,1,enemy_one,PhysDamage|1.65|0|0|1|1|0;ApplyBuff|0|14|2|1|0|1,2,0,1,false
31,啸月,1,enemy_all,RageModify|-20|0|0|1|0|0;RageModify|40|0|0|1|0|1,4,0,30,false
32,雷霆狼啸,1,enemy_one,PhysDamage|2.5|0|0|1|1|0;ApplyBuff|0|6|1|1|0|0,0,0,45,true
33,水针,3,enemy_one,MagDamage|1.0|0|0|1|1|0,0,30,1,false
34,凝冰,3,enemy_one,MagDamage|0.9|0|0|1|1|0;ApplyBuff|0|4|1|0.9|0|0,3,0,1,false
35,寒潮,3,enemy_all,MagDamage|1.1|0|0|1|1|0;ApplyBuff|0|9|2|0.8|0|0,3,0,25,false
36,玄冰封川,3,enemy_random,MagDamage|1.8|0|0|1|2|0;ApplyBuff|0|4|1|0.7|0|0,0,0,40,true
37,霜风,3,enemy_one,MagDamage|1.0|0|0|1|1|0,0,30,1,false
38,雪崩咒,3,enemy_one,MagDamage|1.7|0|0|1|1|0,2,0,1,false
39,噬魂雪,3,enemy_one,MagDamage|1.3|0|0|1|1|0;ApplyBuff|0|10|1|0.9|0|0,3,0,30,false
40,千里冰封,3,enemy_all,MagDamage|2.7|0|0|1|1|0;ApplyBuff|0|4|1|0.4|0|0,0,0,45,true
41,石锤,0,enemy_one,PhysDamage|1.0|0|0|1|1|0,0,30,1,false
42,缩壳,0,self,Shield|1.5|0|0|1|0|1;ApplyBuff|0|18|2|1|0|1,3,0,1,false
43,震地,0,enemy_all,PhysDamage|1.1|0|0|1|1|0;ApplyBuff|0|9|2|0.8|0|0,3,0,25,false
44,不动如山,0,ally_all,Shield|1.3|0|0|1|0|0;Taunt|2|0|0|1|0|1,0,0,40,true
45,扑咬,0,enemy_one,PhysDamage|1.0|0|0|1|1|0,0,30,1,false
46,震慑吠,0,enemy_one,ApplyBuff|0|8|2|1|0|0,2,0,1,false
47,地听,0,ally_all,CaptureBonus|0.1|0|0|1|0|0;ApplyBuff|0|18|2|1|0|0,3,0,25,false
48,大地共鸣,5,enemy_all,MagDamage|1.5|0|0|1|1|0;ApplyBuff|0|18|2|1|0|0,0,0,40,true
